group,group_type,avg_sd,sd_avg_sd
Redox disruption,MoA,39.1436145540496,14.3755034322355
AChE inhibition,MoA,38.5103766615408,17.0772539041566
Other|unknown,MoA,32.8150842321718,15.8719373191107
Insecticide,Use,43.8673814506641,16.172497914988
Metal,Use,38.2067244277064,19.0713555081279
Herbicide,Use,33.532642333449,5.41517963856507
Flame Retardant,Use,31.5251006677374,8.97448401381535
Fungicide,Use,30.2221600578266,12.1880216901666
