".id"	"peak_marker"	"n_strains_ref"	"n_strains_alt"	"total_strains"	"n_strains_ref_overlap"	"n_strains_alt_overlap"	"prop_ref_overlap"	"prop_alt_overlap"	"trait_name"	"algorithm"
"I:2994073"	"I:2994073"	182	11	193	5	1	0.0274725274725275	0.0909090909090909	"length_Methyl_mercury"	"inbred"
"II:626831"	"II:626831"	171	22	193	50	22	0.292397660818713	1	"length_Methyl_mercury"	"inbred"
"II:2730209"	"II:2730209"	181	12	193	108	6	0.596685082872928	0.5	"length_Methyl_mercury"	"inbred"
"II:3977000"	"II:3977000"	171	22	193	151	22	0.883040935672515	1	"length_Methyl_mercury"	"inbred"
"III:2461452"	"III:2461452"	167	26	193	117	20	0.70059880239521	0.769230769230769	"length_Methyl_mercury"	"inbred"
"III:3716201"	"III:3716201"	171	22	193	30	14	0.175438596491228	0.636363636363636	"length_Methyl_mercury"	"inbred"
"III:10133612"	"III:10133612"	181	12	193	52	0	0.287292817679558	0	"length_Methyl_mercury"	"inbred"
"V:15476283"	"V:15476283"	183	10	193	61	10	0.333333333333333	1	"length_Methyl_mercury"	"inbred"
